-- ─── SEED: PROJECT ───────────────────────────────────────────────────────────
INSERT INTO projects (id, code, name_ar, name_en) VALUES
  ('00000000-0000-0000-0000-000000000001', 'FBR-2026-01', 'مشروع الألياف البصرية FBR-2026-01', 'FTTH Project FBR-2026-01');

-- ─── SEED: SITE ──────────────────────────────────────────────────────────────
INSERT INTO sites (id, project_id, code, name_ar, name_en) VALUES
  ('00000000-0000-0000-0000-000000000010', '00000000-0000-0000-0000-000000000001', 'SITE-01', 'الموقع الرئيسي', 'Main Site');

-- ─── SEED: CABINETS (5 cabinets from prototype) ───────────────────────────────
INSERT INTO cabinets (id, site_id, code, type, status, fiber_count) VALUES
  ('00000000-0000-0000-0001-000000000001', '00000000-0000-0000-0000-000000000010', 'CAB-001', 'ODF', 'active', 144),
  ('00000000-0000-0000-0001-000000000002', '00000000-0000-0000-0000-000000000010', 'CAB-002', 'FDT', 'active', 96),
  ('00000000-0000-0000-0001-000000000003', '00000000-0000-0000-0000-000000000010', 'CAB-003', 'FDT', 'planned', 96),
  ('00000000-0000-0000-0001-000000000004', '00000000-0000-0000-0000-000000000010', 'CAB-004', 'FAT', 'completed', 48),
  ('00000000-0000-0000-0001-000000000005', '00000000-0000-0000-0000-000000000010', 'CAB-005', 'FAT', 'planned', 48);

-- ─── SEED: CONTRACT GROUPS ────────────────────────────────────────────────────
INSERT INTO contract_groups (id, project_id, code, name_ar, name_en, sort_order) VALUES
  ('00000000-0000-0000-0002-000000000001', '00000000-0000-0000-0000-000000000001', 'A', 'أعمال المايكرودكت', 'Microduct Works', 1),
  ('00000000-0000-0000-0002-000000000002', '00000000-0000-0000-0000-000000000001', 'B', 'أعمال الألياف', 'Fiber Works', 2),
  ('00000000-0000-0000-0002-000000000003', '00000000-0000-0000-0000-000000000001', 'C', 'أعمال النهايات', 'Termination Works', 3);

-- ─── SEED: BOQ ITEMS - GROUP A (Microduct Works) ─────────────────────────────
-- Source: FieldOps-FTTH-Prototype.html BOQ data (41 items in group A)
INSERT INTO contract_items (group_id, code, description_ar, description_en, unit, task_type, contract_qty, unit_price, sort_order) VALUES
  -- A1-A10: Supply and install microduct
  ('00000000-0000-0000-0002-000000000001', 'A1',  'توريد وتركيب مايكرودكت 7/3.5 مم أحادي داخل مواسير PVC', 'Supply & install 7/3.5mm single microduct in PVC conduit', 'متر', 'route', 15000, 8.50, 1),
  ('00000000-0000-0000-0002-000000000001', 'A2',  'توريد وتركيب مايكرودكت 10/6 مم أحادي داخل مواسير PVC', 'Supply & install 10/6mm single microduct in PVC conduit', 'متر', 'route', 12000, 10.00, 2),
  ('00000000-0000-0000-0002-000000000001', 'A3',  'توريد وتركيب مايكرودكت 12/8 مم أحادي داخل مواسير PVC', 'Supply & install 12/8mm single microduct in PVC conduit', 'متر', 'route', 8000, 12.50, 3),
  ('00000000-0000-0000-0002-000000000001', 'A4',  'توريد وتركيب بنش مايكرودكت 7/3.5 مم × 7 داخل مواسير', 'Supply & install 7×7/3.5mm microduct bundle in conduit', 'متر', 'route', 5000, 45.00, 4),
  ('00000000-0000-0000-0002-000000000001', 'A5',  'توريد وتركيب بنش مايكرودكت 10/6 مم × 7 داخل مواسير', 'Supply & install 7×10/6mm microduct bundle in conduit', 'متر', 'route', 4000, 58.00, 5),
  ('00000000-0000-0000-0002-000000000001', 'A6',  'توريد وتركيب مايكرودكت 7/3.5 مم في الأرض مباشرة', 'Supply & install 7/3.5mm microduct direct buried', 'متر', 'route', 6000, 15.00, 6),
  ('00000000-0000-0000-0002-000000000001', 'A7',  'توريد وتركيب مايكرودكت 10/6 مم في الأرض مباشرة', 'Supply & install 10/6mm microduct direct buried', 'متر', 'route', 4500, 18.00, 7),
  ('00000000-0000-0000-0002-000000000001', 'A8',  'توريد وتركيب بنش مايكرودكت 7/3.5 مم × 4 في الأرض', 'Supply & install 4×7/3.5mm microduct bundle direct buried', 'متر', 'route', 3000, 28.00, 8),
  ('00000000-0000-0000-0002-000000000001', 'A9',  'حفر وردم لتركيب المايكرودكت (تربة عادية)', 'Trenching and backfill for microduct (normal soil)', 'متر', 'route', 20000, 22.00, 9),
  ('00000000-0000-0000-0002-000000000001', 'A10', 'حفر وردم لتركيب المايكرودكت (تربة صخرية)', 'Trenching and backfill for microduct (rocky soil)', 'متر', 'route', 3000, 65.00, 10),
  -- A11-A20: Conduit and ducting
  ('00000000-0000-0000-0002-000000000001', 'A11', 'توريد وتركيب ماسورة PVC 50 مم', 'Supply & install 50mm PVC conduit', 'متر', 'route', 8000, 18.00, 11),
  ('00000000-0000-0000-0002-000000000001', 'A12', 'توريد وتركيب ماسورة PVC 75 مم', 'Supply & install 75mm PVC conduit', 'متر', 'route', 5000, 25.00, 12),
  ('00000000-0000-0000-0002-000000000001', 'A13', 'توريد وتركيب ماسورة PVC 110 مم', 'Supply & install 110mm PVC conduit', 'متر', 'route', 3000, 35.00, 13),
  ('00000000-0000-0000-0002-000000000001', 'A14', 'توريد وتركيب ماسورة HDPE 32 مم', 'Supply & install 32mm HDPE conduit', 'متر', 'route', 4000, 22.00, 14),
  ('00000000-0000-0000-0002-000000000001', 'A15', 'توريد وتركيب ماسورة HDPE 50 مم', 'Supply & install 50mm HDPE conduit', 'متر', 'route', 3000, 30.00, 15),
  ('00000000-0000-0000-0002-000000000001', 'A16', 'فتح مسار تحت الطريق (حفر بالطرق التقليدية)', 'Road crossing by open-cut method', 'متر', 'route', 500, 120.00, 16),
  ('00000000-0000-0000-0002-000000000001', 'A17', 'فتح مسار تحت الطريق (حفر اتجاهي أفقي HDD)', 'Road crossing by HDD (horizontal directional drilling)', 'متر', 'route', 200, 450.00, 17),
  ('00000000-0000-0000-0002-000000000001', 'A18', 'توريد وتركيب غرفة تفتيش بلاستيك صغيرة', 'Supply & install small plastic inspection chamber', 'عدد', 'node', 150, 280.00, 18),
  ('00000000-0000-0000-0002-000000000001', 'A19', 'توريد وتركيب غرفة تفتيش خرسانة متوسطة', 'Supply & install medium concrete inspection chamber', 'عدد', 'node', 80, 650.00, 19),
  ('00000000-0000-0000-0002-000000000001', 'A20', 'توريد وتركيب غرفة تفتيش خرسانة كبيرة', 'Supply & install large concrete inspection chamber', 'عدد', 'node', 30, 1200.00, 20),
  -- A21-A30: Sealing and accessories
  ('00000000-0000-0000-0002-000000000001', 'A21', 'توريد وتركيب وصلة مايكرودكت 7/3.5 مم', 'Supply & install 7/3.5mm microduct coupler', 'عدد', 'node', 500, 25.00, 21),
  ('00000000-0000-0000-0002-000000000001', 'A22', 'توريد وتركيب وصلة مايكرودكت 10/6 مم', 'Supply & install 10/6mm microduct coupler', 'عدد', 'node', 300, 32.00, 22),
  ('00000000-0000-0000-0002-000000000001', 'A23', 'توريد وتركيب سدادة مايكرودكت مع صمام هواء', 'Supply & install microduct end stop with air valve', 'عدد', 'node', 400, 35.00, 23),
  ('00000000-0000-0000-0002-000000000001', 'A24', 'توريد وتركيب كوع مايكرودكت 90 درجة', 'Supply & install 90° microduct elbow', 'عدد', 'node', 200, 18.00, 24),
  ('00000000-0000-0000-0002-000000000001', 'A25', 'اختبار ضغط هواء لمسار المايكرودكت', 'Air pressure test for microduct route', 'متر', 'route', 50000, 0.50, 25),
  ('00000000-0000-0000-0002-000000000001', 'A26', 'نفخ كابل ألياف بصرية داخل مايكرودكت', 'Fiber optic cable blowing in microduct', 'متر', 'route', 30000, 3.50, 26),
  ('00000000-0000-0000-0002-000000000001', 'A27', 'توريد وتركيب حاملات مايكرودكت على الحوائط', 'Supply & install wall-mounted microduct clips', 'عدد', 'node', 1000, 8.00, 27),
  ('00000000-0000-0000-0002-000000000001', 'A28', 'مد مايكرودكت على أعمدة الكهرباء (هوائي)', 'Aerial microduct installation on utility poles', 'متر', 'route', 2000, 28.00, 28),
  ('00000000-0000-0000-0002-000000000001', 'A29', 'توريد وتركيب صندوق توزيع مايكرودكت', 'Supply & install microduct distribution box', 'عدد', 'node', 50, 380.00, 29),
  ('00000000-0000-0000-0002-000000000001', 'A30', 'أعمال ردم وتسوية وإعادة رصف', 'Backfill, leveling, and pavement reinstatement', 'متر', 'route', 10000, 45.00, 30);

-- ─── SEED: BOQ ITEMS - GROUP B (Fiber Works) ──────────────────────────────────
INSERT INTO contract_items (group_id, code, description_ar, description_en, unit, task_type, contract_qty, unit_price, sort_order) VALUES
  ('00000000-0000-0000-0002-000000000002', 'B1',  'توريد وتركيب كابل ألياف G.657A2 12 ليفة ADSS', 'Supply & install 12F G.657A2 ADSS fiber cable', 'متر', 'route', 10000, 12.00, 1),
  ('00000000-0000-0000-0002-000000000002', 'B2',  'توريد وتركيب كابل ألياف G.657A2 24 ليفة ADSS', 'Supply & install 24F G.657A2 ADSS fiber cable', 'متر', 'route', 8000, 18.00, 2),
  ('00000000-0000-0000-0002-000000000002', 'B3',  'توريد وتركيب كابل ألياف G.657A2 48 ليفة ADSS', 'Supply & install 48F G.657A2 ADSS fiber cable', 'متر', 'route', 5000, 32.00, 3),
  ('00000000-0000-0000-0002-000000000002', 'B4',  'توريد وتركيب كابل ألياف G.657A2 96 ليفة ADSS', 'Supply & install 96F G.657A2 ADSS fiber cable', 'متر', 'route', 3000, 58.00, 4),
  ('00000000-0000-0000-0002-000000000002', 'B5',  'توريد وتركيب كابل ألياف G.652D 12 ليفة مدفون', 'Supply & install 12F G.652D direct buried cable', 'متر', 'route', 6000, 15.00, 5),
  ('00000000-0000-0000-0002-000000000002', 'B6',  'توريد وتركيب كابل ألياف G.652D 24 ليفة مدفون', 'Supply & install 24F G.652D direct buried cable', 'متر', 'route', 4000, 22.00, 6),
  ('00000000-0000-0000-0002-000000000002', 'B7',  'توريد وتركيب كابل ألياف G.652D 48 ليفة مدفون', 'Supply & install 48F G.652D direct buried cable', 'متر', 'route', 2000, 40.00, 7),
  ('00000000-0000-0000-0002-000000000002', 'B8',  'توريد وتركيب وصلة حرارية لكابل ألياف 12 ليفة', 'Supply & install 12F heat-shrink fiber splice closure', 'عدد', 'node', 100, 850.00, 8),
  ('00000000-0000-0000-0002-000000000002', 'B9',  'توريد وتركيب وصلة حرارية لكابل ألياف 24 ليفة', 'Supply & install 24F heat-shrink fiber splice closure', 'عدد', 'node', 80, 1100.00, 9),
  ('00000000-0000-0000-0002-000000000002', 'B10', 'توريد وتركيب وصلة حرارية لكابل ألياف 48 ليفة', 'Supply & install 48F heat-shrink fiber splice closure', 'عدد', 'node', 40, 1800.00, 10),
  ('00000000-0000-0000-0002-000000000002', 'B11', 'لحام ليفة ألياف بصرية (وصلة انصهارية)', 'Fiber optic fusion splicing (per fiber)', 'عدد', 'node', 5000, 25.00, 11),
  ('00000000-0000-0000-0002-000000000002', 'B12', 'اختبار OTDR لمسار ألياف بصرية', 'OTDR testing for fiber optic route', 'ليفة.كم', 'route', 2000, 15.00, 12),
  ('00000000-0000-0000-0002-000000000002', 'B13', 'توريد وتركيب سطر ألياف بصرية داخلي 2F', 'Supply & install 2F indoor drop fiber', 'متر', 'route', 20000, 4.50, 13),
  ('00000000-0000-0000-0002-000000000002', 'B14', 'توريد وتركيب جعبة توزيع ألياف FDT 96 ليفة', 'Supply & install 96F FDT fiber distribution terminal', 'عدد', 'node', 20, 3500.00, 14),
  ('00000000-0000-0000-0002-000000000002', 'B15', 'توريد وتركيب جعبة توزيع ألياف FAT 48 ليفة', 'Supply & install 48F FAT fiber access terminal', 'عدد', 'node', 40, 1800.00, 15),
  ('00000000-0000-0000-0002-000000000002', 'B16', 'توريد وتركيب صندوق توزيع ألياف FDB 24 ليفة خارجي', 'Supply & install 24F FDB outdoor fiber distribution box', 'عدد', 'node', 60, 950.00, 16),
  ('00000000-0000-0000-0002-000000000002', 'B17', 'توريد وتركيب لوحة توزيع ألياف ODF 144 ليفة', 'Supply & install 144F ODF fiber distribution panel', 'عدد', 'node', 5, 8500.00, 17),
  ('00000000-0000-0000-0002-000000000002', 'B18', 'توريد وتركيب كاسيت لحام 12 ليفة', 'Supply & install 12-fiber splice tray', 'عدد', 'node', 300, 85.00, 18),
  ('00000000-0000-0000-0002-000000000002', 'B19', 'توريد موصل FC/APC ذكر', 'Supply FC/APC male connector', 'عدد', 'node', 500, 35.00, 19),
  ('00000000-0000-0000-0002-000000000002', 'B20', 'توريد موصل SC/APC ذكر', 'Supply SC/APC male connector', 'عدد', 'node', 800, 28.00, 20),
  ('00000000-0000-0000-0002-000000000002', 'B21', 'توريد وتركيب مقسّم بصري 1×8 SC/APC', 'Supply & install 1×8 SC/APC optical splitter', 'عدد', 'node', 200, 280.00, 21),
  ('00000000-0000-0000-0002-000000000002', 'B22', 'توريد وتركيب مقسّم بصري 1×16 SC/APC', 'Supply & install 1×16 SC/APC optical splitter', 'عدد', 'node', 150, 420.00, 22),
  ('00000000-0000-0000-0002-000000000002', 'B23', 'توريد وتركيب مقسّم بصري 1×32 SC/APC', 'Supply & install 1×32 SC/APC optical splitter', 'عدد', 'node', 80, 750.00, 23),
  ('00000000-0000-0000-0002-000000000002', 'B24', 'اختبار قياس بصري (Optical Power Meter)', 'Optical power measurement test', 'نقطة', 'node', 2000, 12.00, 24);

-- ─── SEED: BOQ ITEMS - GROUP C (Termination Works) ───────────────────────────
INSERT INTO contract_items (group_id, code, description_ar, description_en, unit, task_type, contract_qty, unit_price, sort_order) VALUES
  ('00000000-0000-0000-0002-000000000003', 'C1',  'توريد وتركيب ONT GPON أحادي المنفذ', 'Supply & install single-port GPON ONT', 'عدد', 'node', 1500, 320.00, 1),
  ('00000000-0000-0000-0002-000000000003', 'C2',  'توريد وتركيب ONT GPON رباعي المنافذ', 'Supply & install 4-port GPON ONT', 'عدد', 'node', 800, 480.00, 2),
  ('00000000-0000-0000-0002-000000000003', 'C3',  'توريد وتركيب ONU GPON مع راوتر WiFi', 'Supply & install GPON ONU with WiFi router', 'عدد', 'node', 500, 650.00, 3),
  ('00000000-0000-0000-0002-000000000003', 'C4',  'تركيب وتوصيل وتشغيل ONT للمشترك', 'Installation, connection & commissioning of ONT at subscriber', 'عدد', 'node', 2000, 85.00, 4),
  ('00000000-0000-0000-0002-000000000003', 'C5',  'توريد وتركيب علبة تحويل ألياف داخلية للمشترك', 'Supply & install indoor fiber termination box at subscriber', 'عدد', 'node', 2000, 95.00, 5),
  ('00000000-0000-0000-0002-000000000003', 'C6',  'مد وتثبيت كابل شبكة داخلي Cat6 للمشترك', 'Supply & install Cat6 indoor network cable at subscriber', 'متر', 'route', 10000, 8.00, 6),
  ('00000000-0000-0000-0002-000000000003', 'C7',  'توريد وتركيب لوحة توزيع إيثرنت 24 منفذ', 'Supply & install 24-port Ethernet distribution panel', 'عدد', 'node', 50, 750.00, 7),
  ('00000000-0000-0000-0002-000000000003', 'C8',  'توريد وتركيب خزانة توزيع شبكة 6U', 'Supply & install 6U network distribution cabinet', 'عدد', 'node', 30, 1800.00, 8),
  ('00000000-0000-0000-0002-000000000003', 'C9',  'اختبار وتوثيق نقطة الاتصال النهائية', 'Test & document final connection point', 'عدد', 'node', 2500, 25.00, 9),
  ('00000000-0000-0000-0002-000000000003', 'C10', 'أعمال الجدار والتثقيب (لكل مشترك)', 'Wall drilling & penetration works (per subscriber)', 'عدد', 'node', 2000, 45.00, 10),
  ('00000000-0000-0000-0002-000000000003', 'C11', 'توريد وتركيب مخرج شبكة مثبت بالجدار', 'Supply & install wall-mounted network outlet', 'عدد', 'node', 3000, 35.00, 11),
  ('00000000-0000-0000-0002-000000000003', 'C12', 'توريد وتركيب وتشغيل OLT GPON 16 منفذ PON', 'Supply, install & commission 16-port PON GPON OLT', 'عدد', 'node', 3, 45000.00, 12),
  ('00000000-0000-0000-0002-000000000003', 'C13', 'توريد وتركيب وتشغيل OLT GPON 32 منفذ PON', 'Supply, install & commission 32-port PON GPON OLT', 'عدد', 'node', 2, 75000.00, 13),
  ('00000000-0000-0000-0002-000000000003', 'C14', 'خدمات إدارة المشروع والإشراف الفني', 'Project management and technical supervision services', 'شهر', 'node', 12, 15000.00, 14),
  ('00000000-0000-0000-0002-000000000003', 'C15', 'توثيق الشبكة وإعداد مخططات As-Built', 'Network documentation and as-built drawings', 'مشروع', 'node', 1, 25000.00, 15),
  ('00000000-0000-0000-0002-000000000003', 'C16', 'تدريب فريق الصيانة (5 أيام)', 'Maintenance team training (5 days)', 'دورة', 'node', 2, 8000.00, 16),
  ('00000000-0000-0000-0002-000000000003', 'C17', 'ضمان وصيانة الشبكة (سنة أولى)', 'Network warranty and maintenance (year 1)', 'سنة', 'node', 1, 50000.00, 17),
  ('00000000-0000-0000-0002-000000000003', 'C18', 'توريد وتركيب نظام مراقبة NMS', 'Supply & install Network Management System (NMS)', 'نظام', 'node', 1, 35000.00, 18),
  ('00000000-0000-0000-0002-000000000003', 'C19', 'أعمال الحماية الكاثودية لكابلات المعدن', 'Cathodic protection works for metallic cables', 'متر', 'route', 1000, 15.00, 19),
  ('00000000-0000-0000-0002-000000000003', 'C20', 'توريد وتركيب منظومة تأريض شبكة الألياف', 'Supply & install fiber network grounding system', 'منظومة', 'node', 10, 3500.00, 20),
  ('00000000-0000-0000-0002-000000000003', 'C21', 'أعمال حصر الخدمات تحت الأرضية', 'Underground utility survey works', 'كم', 'route', 50, 800.00, 21),
  ('00000000-0000-0000-0002-000000000003', 'C22', 'توريد وتركيب لافتات الأمان والتحذير', 'Supply & install safety and warning signage', 'عدد', 'node', 200, 45.00, 22),
  ('00000000-0000-0000-0002-000000000003', 'C23', 'إزالة وتخليص المخلفات من الموقع', 'Site debris removal and disposal', 'رحلة', 'node', 30, 350.00, 23),
  ('00000000-0000-0000-0002-000000000003', 'C24', 'أعمال متنوعة وبنود إضافية', 'Miscellaneous and provisional items', 'بند', 'node', 1, 50000.00, 24),
  ('00000000-0000-0000-0002-000000000003', 'C25', 'تأمين وحماية المسارات المنفذة', 'Securing and protecting completed routes', 'متر', 'route', 5000, 5.00, 25),
  ('00000000-0000-0000-0002-000000000003', 'C26', 'إعداد تقارير الإنجاز الدورية', 'Periodic progress report preparation', 'تقرير', 'node', 12, 2000.00, 26),
  ('00000000-0000-0000-0002-000000000003', 'C27', 'أعمال المسح الطبوغرافي والمساحة', 'Topographic and land survey works', 'هكتار', 'node', 5, 5000.00, 27),
  ('00000000-0000-0000-0002-000000000003', 'C28', 'تركيب وضبط معدات الاختبار والقياس', 'Setup and calibration of test & measurement equipment', 'جهاز', 'node', 5, 1200.00, 28),
  ('00000000-0000-0000-0002-000000000003', 'C29', 'أعمال تحميل وتفريغ ونقل المعدات', 'Equipment loading, unloading, and transport works', 'رحلة', 'node', 20, 500.00, 29),
  ('00000000-0000-0000-0002-000000000003', 'C30', 'بنود طوارئ واحتياطية (5% من قيمة العقد)', 'Contingency and provisional sum (5% of contract value)', 'مبلغ', 'node', 1, 100000.00, 30);

-- ─── SEED: MATERIALS (19 items from prototype) ────────────────────────────────
INSERT INTO materials (project_id, name_ar, name_en, unit, contract_qty, consumed_qty, alert_threshold) VALUES
  ('00000000-0000-0000-0000-000000000001', 'مايكرودكت 7/3.5 مم', 'Microduct 7/3.5mm', 'بكرة', 500, 423, 90),
  ('00000000-0000-0000-0000-000000000001', 'مايكرودكت 10/6 مم', 'Microduct 10/6mm', 'بكرة', 300, 198, 90),
  ('00000000-0000-0000-0000-000000000001', 'كابل ألياف 12F ADSS', 'Fiber Cable 12F ADSS', 'بكرة', 200, 145, 85),
  ('00000000-0000-0000-0000-000000000001', 'كابل ألياف 24F ADSS', 'Fiber Cable 24F ADSS', 'بكرة', 150, 89, 85),
  ('00000000-0000-0000-0000-000000000001', 'كابل ألياف 48F ADSS', 'Fiber Cable 48F ADSS', 'بكرة', 80, 52, 85),
  ('00000000-0000-0000-0000-000000000001', 'ماسورة PVC 50 مم', 'PVC Conduit 50mm', 'طول', 2000, 1680, 90),
  ('00000000-0000-0000-0000-000000000001', 'ماسورة PVC 110 مم', 'PVC Conduit 110mm', 'طول', 800, 420, 90),
  ('00000000-0000-0000-0000-000000000001', 'ONT GPON أحادي', 'GPON ONT Single Port', 'جهاز', 1500, 890, 80),
  ('00000000-0000-0000-0000-000000000001', 'ONT GPON رباعي', 'GPON ONT 4-Port', 'جهاز', 800, 320, 80),
  ('00000000-0000-0000-0000-000000000001', 'مقسّم 1×8 SC/APC', 'Splitter 1×8 SC/APC', 'عدد', 200, 178, 90),
  ('00000000-0000-0000-0000-000000000001', 'مقسّم 1×16 SC/APC', 'Splitter 1×16 SC/APC', 'عدد', 150, 98, 85),
  ('00000000-0000-0000-0000-000000000001', 'مقسّم 1×32 SC/APC', 'Splitter 1×32 SC/APC', 'عدد', 80, 45, 85),
  ('00000000-0000-0000-0000-000000000001', 'وصلة حرارية 24F', 'Splice Closure 24F', 'عدد', 80, 72, 90),
  ('00000000-0000-0000-0000-000000000001', 'كاسيت لحام 12F', 'Splice Tray 12F', 'عدد', 300, 245, 90),
  ('00000000-0000-0000-0000-000000000001', 'موصل SC/APC', 'SC/APC Connector', 'عدد', 800, 620, 85),
  ('00000000-0000-0000-0000-000000000001', 'موصل FC/APC', 'FC/APC Connector', 'عدد', 500, 380, 85),
  ('00000000-0000-0000-0000-000000000001', 'سطر ألياف داخلي 2F', 'Indoor Drop Fiber 2F', 'بكرة', 200, 155, 85),
  ('00000000-0000-0000-0000-000000000001', 'غرفة تفتيش بلاستيك', 'Plastic Inspection Chamber', 'عدد', 150, 112, 80),
  ('00000000-0000-0000-0000-000000000001', 'FAT 48 ليفة', 'FAT 48F Terminal', 'عدد', 40, 28, 80);

-- ─── SEED: SAMPLE TEAM ───────────────────────────────────────────────────────
INSERT INTO teams (id, project_id, name, code) VALUES
  ('00000000-0000-0000-0003-000000000001', '00000000-0000-0000-0000-000000000001', 'فريق 1', 'TEAM-01'),
  ('00000000-0000-0000-0003-000000000002', '00000000-0000-0000-0000-000000000001', 'فريق 2', 'TEAM-02'),
  ('00000000-0000-0000-0003-000000000003', '00000000-0000-0000-0000-000000000001', 'فريق 3', 'TEAM-03');
